{
  "0000.png": 0.49502280354499817,
  "0001.png": 0.4407100975513458,
  "0002.png": 0.43572866916656494,
  "0003.png": 0.3790174722671509,
  "0004.png": 0.4043145477771759,
  "0005.png": 0.30607467889785767,
  "0006.png": 0.46479180455207825,
  "0007.png": 0.303550124168396,
  "0008.png": 0.4500204622745514,
  "0009.png": 0.45943164825439453,
  "0010.png": 0.4374043047428131,
  "0011.png": 0.44909241795539856,
  "0012.png": 0.4630333185195923,
  "0013.png": 0.44552016258239746,
  "0014.png": 0.43646618723869324,
  "0015.png": 0.4122675657272339,
  "0016.png": 0.4750797748565674,
  "0017.png": 0.4646415114402771,
  "0018.png": 0.4668515920639038,
  "0019.png": 0.43169453740119934,
  "0020.png": 0.4485766589641571,
  "0021.png": 0.3885165750980377,
  "0022.png": 0.4259577691555023,
  "0023.png": 0.4552270472049713,
  "0024.png": 0.3931692838668823,
  "0025.png": 0.4327298402786255,
  "0026.png": 0.4233286678791046,
  "0027.png": 0.3798246681690216,
  "0028.png": 0.428800106048584,
  "0029.png": 0.4696548283100128,
  "0030.png": 0.40958473086357117,
  "0031.png": 0.4104708433151245,
  "0032.png": 0.44435423612594604,
  "0033.png": 0.451924592256546,
  "0034.png": 0.3821110427379608,
  "0035.png": 0.4359583556652069,
  "0036.png": 0.4905525743961334,
  "0037.png": 0.3798147439956665,
  "0038.png": 0.30453523993492126,
  "0039.png": 0.4369530975818634,
  "0040.png": 0.45970407128334045,
  "0041.png": 0.4472448229789734,
  "0042.png": 0.45782268047332764,
  "0043.png": 0.4245564937591553,
  "0044.png": 0.4463369846343994,
  "0045.png": 0.5104501247406006,
  "0046.png": 0.29032617807388306,
  "0047.png": 0.4509526193141937,
  "0048.png": 0.28347253799438477,
  "0049.png": 0.42493030428886414,
  "0050.png": 0.4604490399360657,
  "0051.png": 0.4076121747493744,
  "0052.png": 0.31130722165107727,
  "0053.png": 0.3839465379714966,
  "0054.png": 0.48518192768096924,
  "0055.png": 0.3321022391319275,
  "0056.png": 0.3340950012207031,
  "0057.png": 0.476279079914093,
  "0058.png": 0.46335533261299133,
  "0059.png": 0.45648133754730225,
  "0060.png": 0.46272990107536316,
  "0061.png": 0.41994601488113403,
  "0062.png": 0.47727835178375244,
  "0063.png": 0.4470920264720917,
  "0064.png": 0.452375203371048,
  "0065.png": 0.35371527075767517,
  "0066.png": 0.4367116093635559,
  "0067.png": 0.37067410349845886,
  "0068.png": 0.4786900281906128,
  "0069.png": 0.4565533399581909,
  "0070.png": 0.3361321985721588,
  "0071.png": 0.4838666319847107,
  "0072.png": 0.44967731833457947,
  "0073.png": 0.44692081212997437,
  "0074.png": 0.47514063119888306,
  "0075.png": 0.45833227038383484,
  "0076.png": 0.2902771234512329,
  "0077.png": 0.4295291602611542,
  "0078.png": 0.43189430236816406,
  "0079.png": 0.39144936203956604,
  "0080.png": 0.4207431674003601,
  "0081.png": 0.44169074296951294,
  "0082.png": 0.4947011470794678,
  "0083.png": 0.4174478054046631,
  "0084.png": 0.39969775080680847,
  "0085.png": 0.42906251549720764,
  "0086.png": 0.3771965205669403,
  "0087.png": 0.34406226873397827,
  "0088.png": 0.4206635653972626,
  "0089.png": 0.3733137547969818,
  "0090.png": 0.4629068970680237,
  "0091.png": 0.44362470507621765,
  "0092.png": 0.4564971327781677,
  "0093.png": 0.424462229013443,
  "0094.png": 0.4428074359893799,
  "0095.png": 0.39177727699279785,
  "0096.png": 0.3761376440525055,
  "0097.png": 0.47148042917251587,
  "0098.png": 0.4201822876930237,
  "0099.png": 0.4201328754425049
}